{"cameraMode":{"drawMode":0,"name":"Shaded","section":"Shading Mode"},"sceneLighting":false,"audioPlay":false,"sceneViewState":{"showFog":true,"showMaterialUpdate":false,"showSkybox":false,"showFlares":true,"showImageEffects":true,"showParticleSystems":true},"in2DMode":false,"pivot":{"x":0.3676490783691406,"y":1.6480000019073487,"z":1.5743907690048218},"rotation":{"x":-0.07167991995811463,"y":0.92707359790802,"z":-0.28404757380485537,"w":-0.2339586764574051},"size":0.12166859954595566,"orthographic":false}