{"cameraMode":{"drawMode":0,"name":"Shaded","section":"Shading Mode"},"sceneLighting":true,"audioPlay":false,"sceneViewState":{"showFog":true,"showMaterialUpdate":false,"showSkybox":true,"showFlares":true,"showImageEffects":true,"showParticleSystems":true},"in2DMode":false,"pivot":{"x":0.23691225051879884,"y":0.597114086151123,"z":-0.27613306045532229},"rotation":{"x":0.13346365094184876,"y":0.8214328289031982,"z":-0.21439842879772187,"w":0.5113440155982971},"size":3.024744987487793,"orthographic":false}