{"cameraMode":{"drawMode":0,"name":"Shaded","section":"Shading Mode"},"sceneLighting":false,"audioPlay":false,"sceneViewState":{"showFog":true,"showMaterialUpdate":false,"showSkybox":false,"showFlares":true,"showImageEffects":true,"showParticleSystems":true},"in2DMode":false,"pivot":{"x":12.695752143859864,"y":17.41387367248535,"z":-13.649173736572266},"rotation":{"x":-0.1792866438627243,"y":0.022720659151673318,"z":-0.0041417707689106468,"w":-0.9835262298583984},"size":4.235021114349365,"orthographic":false}