{"cameraMode":{"drawMode":0,"name":"Shaded","section":"Shading Mode"},"sceneLighting":true,"audioPlay":false,"sceneViewState":{"showFog":false,"showMaterialUpdate":false,"showSkybox":false,"showFlares":false,"showImageEffects":false,"showParticleSystems":false},"in2DMode":false,"pivot":{"x":8.899999618530274,"y":1.3999998569488526,"z":6.059999942779541},"rotation":{"x":-0.20273266732692719,"y":0.3018570840358734,"z":-0.06585802137851715,"w":-0.9292171001434326},"size":115.98634338378906,"orthographic":false}