{"cameraMode":{"drawMode":0,"name":"Shaded","section":"Shading Mode"},"sceneLighting":false,"audioPlay":false,"sceneViewState":{"showFog":true,"showMaterialUpdate":false,"showSkybox":false,"showFlares":true,"showImageEffects":true,"showParticleSystems":true},"in2DMode":false,"pivot":{"x":13.00119400024414,"y":17.342443466186525,"z":-9.184288024902344},"rotation":{"x":-0.14065015316009522,"y":-0.05136236920952797,"z":0.007306620012968779,"w":-0.9886987805366516},"size":8.232568740844727,"orthographic":false}