{"cameraMode":{"drawMode":0,"name":"Shaded","section":"Shading Mode"},"sceneLighting":true,"audioPlay":false,"sceneViewState":{"showFog":false,"showMaterialUpdate":false,"showSkybox":false,"showFlares":false,"showImageEffects":false,"showParticleSystems":false},"in2DMode":false,"pivot":{"x":0.4510316848754883,"y":6.826385498046875,"z":1.7602529525756837},"rotation":{"x":0.023833833634853364,"y":0.8946731686592102,"z":0.04808153957128525,"w":-0.44348639249801638},"size":4.5509796142578129,"orthographic":false}