{"cameraMode":{"drawMode":0,"name":"Shaded","section":"Shading Mode"},"sceneLighting":true,"audioPlay":false,"sceneViewState":{"showFog":false,"showMaterialUpdate":false,"showSkybox":false,"showFlares":false,"showImageEffects":false,"showParticleSystems":false},"in2DMode":false,"pivot":{"x":-331.39190673828127,"y":-167.47421264648438,"z":11.399365425109864},"rotation":{"x":-0.21120716631412507,"y":0.6625658869743347,"z":-0.20300430059432984,"w":-0.6893386840820313},"size":207.93911743164063,"orthographic":false}