{"cameraMode":{"drawMode":0,"name":"Shaded","section":"Shading Mode"},"sceneLighting":false,"audioPlay":false,"sceneViewState":{"showFog":true,"showMaterialUpdate":false,"showSkybox":false,"showFlares":true,"showImageEffects":true,"showParticleSystems":true},"in2DMode":false,"pivot":{"x":12.490677833557129,"y":16.879289627075197,"z":-10.220767974853516},"rotation":{"x":-0.25976917147636416,"y":0.013612652197480202,"z":-0.0036622253246605398,"w":-0.9655680060386658},"size":7.31898307800293,"orthographic":false}