{"cameraMode":{"drawMode":0,"name":"Shaded","section":"Shading Mode"},"sceneLighting":true,"audioPlay":false,"sceneViewState":{"showFog":false,"showMaterialUpdate":false,"showSkybox":false,"showFlares":false,"showImageEffects":false,"showParticleSystems":false},"in2DMode":false,"pivot":{"x":57.7664909362793,"y":23.4964599609375,"z":28.50146484375},"rotation":{"x":-0.3749009966850281,"y":-0.009180419147014618,"z":0.0037126042880117895,"w":-0.9270123243331909},"size":576.814208984375,"orthographic":false}