{"cameraMode":{"drawMode":0,"name":"Shaded","section":"Shading Mode"},"sceneLighting":true,"audioPlay":false,"sceneViewState":{"showFog":false,"showMaterialUpdate":false,"showSkybox":false,"showFlares":false,"showImageEffects":false,"showParticleSystems":false},"in2DMode":false,"pivot":{"x":10.879642486572266,"y":7.719174385070801,"z":5.129255294799805},"rotation":{"x":-0.20521646738052369,"y":0.0753716304898262,"z":-0.01585306227207184,"w":-0.9756816625595093},"size":2.0703423023223879,"orthographic":false}