{"cameraMode":{"drawMode":0,"name":"Shaded","section":"Shading Mode"},"sceneLighting":true,"audioPlay":false,"sceneViewState":{"showFog":false,"showMaterialUpdate":false,"showSkybox":false,"showFlares":false,"showImageEffects":false,"showParticleSystems":false},"in2DMode":false,"pivot":{"x":0.9147219657897949,"y":10.302122116088868,"z":29.45553970336914},"rotation":{"x":-0.03461289405822754,"y":0.9630290269851685,"z":0.22009961307048798,"w":0.15144963562488557},"size":6.594603061676025,"orthographic":false}