{"cameraMode":{"drawMode":0,"name":"Shaded","section":"Shading Mode"},"sceneLighting":true,"audioPlay":false,"sceneViewState":{"showFog":false,"showMaterialUpdate":false,"showSkybox":false,"showFlares":false,"showImageEffects":false,"showParticleSystems":false},"in2DMode":false,"pivot":{"x":0.7841037511825562,"y":2.7645175457000734,"z":1.806418538093567},"rotation":{"x":-0.2970462441444397,"y":-0.035226959735155109,"z":0.010966791771352291,"w":-0.9541505575180054},"size":1.78432297706604,"orthographic":false}