{"cameraMode":{"drawMode":0,"name":"Shaded","section":"Shading Mode"},"sceneLighting":true,"audioPlay":false,"sceneViewState":{"showFog":false,"showMaterialUpdate":false,"showSkybox":false,"showFlares":false,"showImageEffects":false,"showParticleSystems":false},"in2DMode":false,"pivot":{"x":8.899999618530274,"y":2.8470001220703127,"z":6.059999942779541},"rotation":{"x":0.15759283304214478,"y":-0.7271776795387268,"z":0.1779526025056839,"w":0.6439811587333679},"size":4.109845161437988,"orthographic":false}