{"cameraMode":{"drawMode":0,"name":"Shaded","section":"Shading Mode"},"sceneLighting":true,"audioPlay":false,"sceneViewState":{"showFog":false,"showMaterialUpdate":false,"showSkybox":false,"showFlares":false,"showImageEffects":false,"showParticleSystems":false},"in2DMode":false,"pivot":{"x":-7.46286678314209,"y":-0.18552470207214356,"z":0.371883749961853},"rotation":{"x":0.10805869102478028,"y":-0.753332257270813,"z":0.12800444662570954,"w":0.6359491348266602},"size":9.753281593322754,"orthographic":false}