{"cameraMode":{"drawMode":0,"name":"Shaded","section":"Shading Mode"},"sceneLighting":true,"audioPlay":false,"sceneViewState":{"showFog":false,"showMaterialUpdate":false,"showSkybox":false,"showFlares":false,"showImageEffects":false,"showParticleSystems":false},"in2DMode":false,"pivot":{"x":-1.2991812229156495,"y":3.00250244140625,"z":30.029308319091798},"rotation":{"x":-0.22083957493305207,"y":-0.5086203813552856,"z":0.13683487474918366,"w":-0.8208643198013306},"size":2.0253398418426515,"orthographic":false}