{"cameraMode":{"drawMode":0,"name":"Shaded","section":"Shading Mode"},"sceneLighting":true,"audioPlay":false,"sceneViewState":{"showFog":false,"showMaterialUpdate":false,"showSkybox":false,"showFlares":false,"showImageEffects":false,"showParticleSystems":false},"in2DMode":false,"pivot":{"x":2.2863829135894777,"y":-3.3351402282714845,"z":29.71023178100586},"rotation":{"x":0.13321450352668763,"y":0.053798142820596698,"z":-0.007241783197969198,"w":0.9896011352539063},"size":36.32716369628906,"orthographic":false}