{"cameraMode":{"drawMode":0,"name":"Shaded","section":"Shading Mode"},"sceneLighting":true,"audioPlay":false,"sceneViewState":{"showFog":false,"showMaterialUpdate":false,"showSkybox":false,"showFlares":false,"showImageEffects":false,"showParticleSystems":false},"in2DMode":false,"pivot":{"x":-7.63227653503418,"y":0.7811565399169922,"z":-0.6588826179504395},"rotation":{"x":0.10805869102478028,"y":-0.753332257270813,"z":0.12800444662570954,"w":0.6359491348266602},"size":12.17578411102295,"orthographic":false}