{"cameraMode":{"drawMode":0,"name":"Shaded","section":"Shading Mode"},"sceneLighting":true,"audioPlay":false,"sceneViewState":{"showFog":false,"showMaterialUpdate":false,"showSkybox":false,"showFlares":false,"showImageEffects":false,"showParticleSystems":false},"in2DMode":false,"pivot":{"x":-0.3799999952316284,"y":2.2899999618530275,"z":30.630001068115236},"rotation":{"x":-0.09792091697454453,"y":-0.46922165155410769,"z":0.052443910390138629,"w":-0.8760718107223511},"size":4.521638870239258,"orthographic":false}