{"cameraMode":{"drawMode":0,"name":"Shaded","section":"Shading Mode"},"sceneLighting":true,"audioPlay":false,"sceneViewState":{"showFog":false,"showMaterialUpdate":false,"showSkybox":false,"showFlares":false,"showImageEffects":false,"showParticleSystems":false},"in2DMode":false,"pivot":{"x":32.599998474121097,"y":0.0,"z":-21.799999237060548},"rotation":{"x":-0.2970462441444397,"y":-0.035226959735155109,"z":0.010966791771352291,"w":-0.9541505575180054},"size":77.15522766113281,"orthographic":false}